topicID	numTokens	proportionOfTopic	proportionOfWord	word
33	1905	0.013393	0.997382	foyle
33	841	0.005913	0.038297	master
33	741	0.005210	0.205833	carl
33	676	0.004753	0.377654	gully
33	608	0.004275	0.142389	ing
33	579	0.004071	0.609474	nomad
33	538	0.003782	0.143085	robin
33	519	0.003649	0.926786	amelia
33	480	0.003375	0.021034	moon
33	479	0.003368	0.077383	hat
33	408	0.002868	0.995122	jaunting
33	407	0.002861	0.626154	pyre
33	395	0.002777	0.526667	brill
33	385	0.002707	0.895349	ind
33	376	0.002643	0.989474	cyr
33	368	0.002587	0.404396	tycho
33	325	0.002285	0.406250	med
33	321	0.002257	0.031014	ill
33	315	0.002215	0.143182	rig
33	310	0.002179	0.387500	ere
19	10068	0.010583	0.085041	men
19	7182	0.007549	0.060414	great
19	6369	0.006695	0.080845	upon
19	5816	0.006113	0.050504	many
19	4940	0.005192	0.079065	among
19	4703	0.004943	0.122315	ones
19	4258	0.004476	0.054056	others
19	4245	0.004462	0.082781	death
19	4224	0.004440	0.064439	city
19	4197	0.004412	0.034186	place
19	4084	0.004293	0.046147	also
19	4030	0.004236	0.108130	land
19	3933	0.004134	0.054580	high
19	3882	0.004080	0.033379	yet
19	3875	0.004073	0.042503	night
19	3597	0.003781	0.032211	each
19	3559	0.003741	0.032092	perhaps
19	3543	0.003724	0.028953	world
19	3494	0.003673	0.029468	things
19	3455	0.003632	0.046740	days
48	37359	0.014439	0.340711	felt
48	18287	0.007068	0.155277	moment
48	16481	0.006370	0.243982	feel
48	14986	0.005792	0.182979	body
48	14642	0.005659	0.332395	feeling
48	14045	0.005428	0.120765	yet
48	13612	0.005261	0.111987	voice
48	12439	0.004808	0.304877	fear
48	11771	0.004549	0.152632	suddenly
48	11559	0.004467	0.203862	sense
48	10736	0.004149	0.162667	words
48	9873	0.003816	0.292707	touch
48	9693	0.003746	0.208811	strange
48	9622	0.003719	0.086763	perhaps
48	9518	0.003679	0.335495	aware
48	9239	0.003571	0.255999	somehow
48	9157	0.003539	0.107869	gone
48	8778	0.003393	0.133587	moved
48	8770	0.003390	0.087307	toward
48	8677	0.003354	0.188754	cold
15	22361	0.019501	0.539469	children
15	15749	0.013735	0.392156	mother
15	13803	0.012038	0.215807	young
15	13776	0.012014	0.371221	child
15	13520	0.011791	0.304779	women
15	12773	0.011139	0.245399	father
15	12715	0.011089	0.175379	woman
15	12154	0.010600	0.421137	family
15	7937	0.006922	0.271165	age
15	7936	0.006921	0.734815	parents
15	7882	0.006874	0.161483	girl
15	7668	0.006687	0.382635	born
15	7485	0.006528	0.329590	wife
15	7420	0.006471	0.065323	life
15	7152	0.006237	0.161591	boy
15	6983	0.006090	0.172804	love
15	6742	0.005880	0.431350	daughter
15	6729	0.005868	0.255176	son
15	6370	0.005555	0.069029	always
15	6360	0.005547	0.312992	older
37	3282	0.011853	0.258222	army
37	3264	0.011788	0.083393	captain
37	3082	0.011130	0.383811	sergeant
37	2918	0.010538	0.078168	sir
37	2753	0.009942	0.160151	officer
37	2215	0.007999	0.252854	lieutenant
37	2080	0.007512	0.289694	soldier
37	1939	0.007003	0.098828	orders
37	1931	0.006974	0.184785	soldiers
37	1927	0.006959	0.094786	battle
37	1838	0.006638	0.103549	military
37	1835	0.006627	0.242725	colonel
37	1832	0.006616	0.127755	commander
37	1766	0.006378	0.829108	platoon
37	1671	0.006035	0.081038	command
37	1602	0.005786	0.046897	general
37	1541	0.005565	0.159194	officers
37	1528	0.005518	0.012906	men
37	1521	0.005493	0.097003	major
37	1416	0.005114	0.033162	war
6	19561	0.012846	0.214602	door
6	17320	0.011374	0.147870	behind
6	14346	0.009421	0.142817	toward
6	11781	0.007736	0.120497	stood
6	10639	0.006987	0.103522	side
6	9632	0.006325	0.081358	men
6	9430	0.006193	0.085070	room
6	9353	0.006142	0.111292	open
6	9245	0.006071	0.091598	along
6	9032	0.005931	0.136579	stopped
6	8954	0.005880	0.095888	heard
6	8760	0.005753	0.162072	walked
6	8427	0.005534	0.186645	followed
6	8355	0.005487	0.106068	others
6	8309	0.005456	0.233661	stepped
6	8165	0.005362	0.142000	forward
6	8089	0.005312	0.169049	front
6	8064	0.005296	0.068472	moment
6	7967	0.005232	0.121245	moved
6	7933	0.005210	0.185221	standing
8	4364	0.008089	0.366415	van
8	2854	0.005290	0.040563	home
8	2674	0.004956	0.028593	ship
8	2643	0.004899	0.102482	till
8	2539	0.004706	0.042723	planet
8	2023	0.003750	0.085179	forth
8	1980	0.003670	0.110306	humans
8	1914	0.003548	0.976531	flandry
8	1879	0.003483	0.999468	chee
8	1862	0.003451	0.541279	league
8	1860	0.003448	0.022861	whole
8	1816	0.003366	0.955789	caitlin
8	1807	0.003349	0.028921	among
8	1748	0.003240	0.022068	space
8	1746	0.003236	0.047888	stars
8	1733	0.003212	0.044277	captain
8	1655	0.003068	0.019202	earth
8	1649	0.003057	0.634231	commonwealth
8	1598	0.002962	0.636653	hermes
8	1539	0.002853	0.013836	across
36	10275	0.005955	0.087246	moment
36	8930	0.005175	0.075429	men
36	7501	0.004347	0.128662	finally
36	7261	0.004208	0.077641	ship
36	6408	0.003714	0.058302	every
36	6196	0.003591	0.118584	control
36	6083	0.003525	0.069393	human
36	6016	0.003487	0.244156	action
36	5994	0.003474	0.073187	body
36	5684	0.003294	0.091737	happened
36	5541	0.003211	0.144222	realized
36	5494	0.003184	0.046215	great
36	5484	0.003178	0.107698	several
36	5324	0.003086	0.045778	yet
36	5278	0.003059	0.199622	situation
36	5241	0.003037	0.113417	actually
36	5211	0.003020	0.047524	felt
36	5023	0.002911	0.094471	minutes
36	5014	0.002906	0.056655	also
36	4875	0.002825	0.072555	brought
47	16231	0.006177	0.200284	quite
47	15983	0.006083	0.134492	found
47	13659	0.005198	0.220129	rather
47	13081	0.004978	0.113590	many
47	13067	0.004973	0.128473	since
47	12219	0.004650	0.138068	also
47	12031	0.004579	0.130375	always
47	11526	0.004387	0.172416	less
47	11069	0.004213	0.124721	least
47	10468	0.003984	0.224394	during
47	10312	0.003925	0.095747	day
47	10232	0.003894	0.089668	same
47	10204	0.003884	0.153582	fact
47	10045	0.003823	0.342016	often
47	10025	0.003815	0.196877	several
47	9955	0.003789	0.192926	however
47	9955	0.003789	0.134673	days
47	9565	0.003640	0.170926	sort
47	9053	0.003445	0.171037	having
47	8928	0.003398	0.148651	times
50	34044	0.020505	0.633495	hair
50	16804	0.010121	0.220554	black
50	16197	0.009755	0.751601	wore
50	14672	0.008837	0.228322	white
50	12585	0.007580	0.173586	woman
50	11564	0.006965	0.423900	tall
50	11558	0.006961	0.260022	blue
50	10896	0.006563	0.198398	red
50	10241	0.006168	0.135195	dark
50	9799	0.005902	0.524572	wearing
50	9676	0.005828	0.324480	skin
50	8481	0.005108	0.191186	women
50	8230	0.004957	0.566414	dressed
50	8073	0.004862	0.432173	brown
50	8062	0.004856	0.126048	young
50	7610	0.004583	0.066807	small
50	7527	0.004533	0.071781	hands
50	7479	0.004505	0.180217	green
50	7252	0.004368	0.241411	gray
50	6766	0.004075	0.057150	men
25	13118	0.005014	0.122874	work
25	11278	0.004311	0.193581	possible
25	9988	0.003818	0.113940	human
25	9971	0.003811	0.125044	use
25	9515	0.003637	0.277324	problem
25	9427	0.003603	0.181358	certain
25	9163	0.003502	0.137356	itself
25	8937	0.003416	0.100983	also
25	8929	0.003413	0.079959	each
25	8677	0.003316	0.128605	able
25	8236	0.003148	0.634026	theory
25	8215	0.003140	0.225935	machine
25	8203	0.003135	0.071887	same
25	8020	0.003065	0.155426	however
25	7935	0.003033	0.249371	information
25	7775	0.002972	0.076443	since
25	7655	0.002926	0.115217	fact
25	7306	0.002792	0.096974	used
25	7242	0.002768	0.094531	matter
25	7199	0.002752	0.132092	different
5	15456	0.032983	0.453787	sea
5	12657	0.027010	0.182720	water
5	5998	0.012800	0.561610	boat
5	5784	0.012343	0.431320	island
5	5631	0.012017	0.060212	ship
5	4883	0.010420	0.577187	shore
5	4627	0.009874	0.496992	beach
5	4486	0.009573	0.357450	ocean
5	4346	0.009274	0.306056	deck
5	3954	0.008438	0.375499	fish
5	3889	0.008299	0.314136	waves
5	2891	0.006169	0.703406	boats
5	2669	0.005696	0.026444	along
5	2429	0.005184	0.092463	ships
5	2373	0.005064	0.394842	waters
5	2350	0.005015	0.023395	toward
5	2306	0.004921	0.246895	bay
5	2171	0.004633	0.125855	sand
5	2128	0.004541	0.104828	aboard
5	2111	0.004505	0.439792	islands
4	8053	0.009959	0.154717	father
4	5617	0.006947	0.207576	lord
4	5380	0.006654	0.074207	woman
4	5358	0.006626	0.203185	son
4	5348	0.006614	0.229233	lady
4	4920	0.006085	0.041558	men
4	4678	0.005785	0.116484	mother
4	4431	0.005480	0.099887	women
4	4343	0.005371	0.355110	paul
4	4191	0.005183	0.112935	child
4	3886	0.004806	0.796311	dom
4	3690	0.004563	0.107361	cannot
4	3453	0.004270	0.174659	king
4	3280	0.004056	0.066898	herself
4	3242	0.004009	0.988415	bard
4	3216	0.003977	0.086058	shall
4	3145	0.003889	0.138913	brother
4	3067	0.003793	0.029299	may
4	2791	0.003452	0.043637	young
4	2748	0.003399	0.216548	tower
3	15843	0.015422	0.641157	car
3	15659	0.015242	0.560050	street
3	12021	0.011701	0.183387	city
3	9715	0.009457	0.403782	road
3	7816	0.007608	0.077440	along
3	6844	0.006662	0.502866	streets
3	6431	0.006260	0.324962	town
3	5916	0.005759	0.810411	driver
3	5829	0.005674	0.896769	cars
3	5619	0.005470	0.164442	building
3	5460	0.005315	0.114107	front
3	5398	0.005254	0.048530	across
3	5242	0.005103	0.078508	past
3	5180	0.005042	0.675359	traffic
3	5013	0.004880	0.313901	buildings
3	4970	0.004838	0.091952	walked
3	4893	0.004763	0.398129	drove
3	4881	0.004751	0.304302	police
3	4552	0.004431	0.085693	house
3	4551	0.004430	0.049918	night
39	11323	0.003157	0.111326	since
39	11210	0.003125	0.233202	case
39	11073	0.003087	0.256438	order
39	10526	0.002935	0.118938	also
39	10466	0.002918	0.505848	report
39	10059	0.002805	0.096093	may
39	9523	0.002655	0.124305	matter
39	9468	0.002640	0.150596	taken
39	9391	0.002618	0.295129	information
39	9224	0.002572	0.138832	fact
39	8987	0.002506	0.449800	public
39	8952	0.002496	0.454186	government
39	8768	0.002445	0.174766	given
39	8713	0.002429	0.255064	general
39	8571	0.002390	0.213794	sent
39	8308	0.002316	0.091196	already
39	7868	0.002194	0.135166	best
39	7820	0.002180	0.306787	office
39	7766	0.002165	0.741738	official
39	7607	0.002121	0.130570	possible
41	18703	0.006850	0.181989	side
41	16389	0.006002	0.156294	hands
41	15673	0.005740	0.318104	pulled
41	15456	0.005661	0.195769	feet
41	13983	0.005121	0.210176	reached
41	13513	0.004949	0.239084	arm
41	13261	0.004857	0.230626	forward
41	12340	0.004519	0.109826	between
41	12300	0.004505	0.105012	behind
41	12195	0.004466	0.121404	toward
41	12184	0.004462	0.162605	held
41	11614	0.004253	0.104414	across
41	11502	0.004212	0.115738	both
41	11493	0.004209	0.174905	moved
41	11392	0.004172	0.219668	arms
41	11369	0.004164	0.128058	end
41	11248	0.004119	0.256804	shoulder
41	11029	0.004039	0.166702	wall
41	10593	0.003880	0.109602	began
41	10476	0.003837	0.239014	edge
57	16491	0.016561	0.465453	food
57	12954	0.013009	0.596959	drink
57	12305	0.012357	0.288714	table
57	12031	0.012082	0.574546	eat
57	7751	0.007784	0.604131	coffee
57	7491	0.007523	0.108142	water
57	7035	0.007065	0.685005	eating
57	6854	0.006883	0.668031	ate
57	6704	0.006732	0.770575	wine
57	6486	0.006513	0.205774	glass
57	6069	0.006095	0.711489	meal
57	5924	0.005949	0.074069	sat
57	5624	0.005648	0.681697	cup
57	5589	0.005613	0.726788	drank
57	5566	0.005589	0.537778	meat
57	4963	0.004984	0.392642	dinner
57	4903	0.004924	0.889837	bread
57	4844	0.004864	0.185665	hot
57	4656	0.004676	0.486013	hungry
57	4597	0.004616	0.553189	bottle
22	2945	0.009269	0.215278	mike
22	2764	0.008700	0.621124	jubal
22	2451	0.007714	0.163291	mars
22	2402	0.007560	0.521041	jill
22	2389	0.007519	0.281059	boss
22	2185	0.006877	0.083365	answered
22	2143	0.006745	0.550900	jim
22	2092	0.006584	0.225674	martian
22	2081	0.006550	0.501446	complain
22	1986	0.006251	0.089098	dear
22	1656	0.005212	0.151510	huh
22	1612	0.005074	0.525081	ben
22	1597	0.005026	0.253090	frank
22	1595	0.005020	0.256844	smith
22	1490	0.004690	1.000000	grok
22	1374	0.004325	0.019835	water
22	1307	0.004114	0.033393	captain
22	1271	0.004000	0.638693	willis
22	1247	0.003925	0.407516	friday
22	1183	0.003723	0.058622	doctor
2	10522	0.012633	0.228640	read
2	9470	0.011370	0.348418	book
2	6344	0.007617	0.286929	books
2	6026	0.007235	0.209600	history
2	5573	0.006691	0.388092	written
2	5213	0.006259	0.184075	story
2	5093	0.006115	0.487835	writing
2	4771	0.005728	0.407082	write
2	4556	0.005470	0.287990	reading
2	3922	0.004709	0.199796	science
2	3699	0.004441	0.452754	wrote
2	3663	0.004398	0.407906	university
2	3579	0.004297	0.033524	work
2	3529	0.004237	0.028839	world
2	3468	0.004164	0.619286	pages
2	3276	0.003933	0.361589	professor
2	2942	0.003532	0.478374	page
2	2794	0.003355	0.148934	paper
2	2744	0.003295	0.250594	art
2	2690	0.003230	0.218699	library
55	5141	0.010628	0.413264	shit
55	4203	0.008689	0.242948	hey
55	4072	0.008418	0.176048	yeah
55	3698	0.007645	0.049939	big
55	3697	0.007643	0.739400	gonna
55	3153	0.006518	0.266526	guy
55	2830	0.005850	0.996479	fuckin
55	2756	0.005697	0.054241	mouth
55	2709	0.005600	0.370588	fuck
55	2692	0.005565	0.714058	dick
55	2647	0.005472	0.906507	nigger
55	2629	0.005435	0.034506	black
55	2621	0.005418	0.387722	pants
55	2607	0.005389	0.334660	guys
55	2460	0.005086	0.022222	really
55	2423	0.005009	0.063446	pretty
55	2389	0.004939	0.021262	between
55	2199	0.004546	0.960262	cock
55	2077	0.004294	0.017992	sure
55	2074	0.004288	0.082465	somebody
23	38436	0.013082	0.367176	may
23	30039	0.010224	0.254784	does
23	23086	0.007858	0.208170	perhaps
23	21946	0.007470	0.340037	believe
23	19477	0.006629	0.274169	understand
23	17636	0.006003	0.513122	cannot
23	14720	0.005010	0.273250	true
23	14149	0.004816	0.121660	yet
23	13872	0.004722	0.165320	mean
23	13844	0.004712	0.149778	need
23	13733	0.004674	0.206480	myself
23	13383	0.004555	0.264329	question
23	13361	0.004548	0.174403	matter
23	12868	0.004380	0.158786	quite
23	12606	0.004291	0.120898	better
23	12561	0.004275	0.136815	give
23	12455	0.004239	0.105043	things
23	12358	0.004206	0.111635	really
23	12289	0.004183	0.266573	suppose
23	12174	0.004144	0.112608	find
45	20186	0.020528	0.234204	earth
45	17963	0.018268	0.302255	planet
45	14136	0.014376	0.161259	human
45	12329	0.012538	0.100752	world
45	10086	0.010257	0.444709	worlds
45	9212	0.009368	0.081099	life
45	8012	0.008148	0.342247	race
45	8003	0.008139	0.451127	planets
45	7943	0.008078	0.068974	many
45	7651	0.007781	0.330926	galaxy
45	7563	0.007691	0.095480	space
45	6698	0.006812	0.147957	thousand
45	6420	0.006529	0.475204	species
45	5780	0.005878	0.411974	civilization
45	5773	0.005871	0.320011	beings
45	5703	0.005800	0.094311	ago
45	5369	0.005460	0.045178	found
45	4994	0.005079	0.075075	hundred
45	4797	0.004878	0.267242	humans
45	4526	0.004603	0.157426	history
49	3159	0.009733	0.999684	dreyfus
49	2196	0.006766	0.867984	prefect
49	2110	0.006501	0.140013	towards
49	1970	0.006069	0.965686	panoply
49	1847	0.005690	0.019750	ship
49	1823	0.005616	0.020011	already
49	1571	0.004840	0.994304	thalia
49	1439	0.004433	0.076218	machines
49	1375	0.004236	0.875796	oct
49	1372	0.004227	0.455814	habitat
49	1302	0.004011	0.019517	itself
49	1278	0.003937	0.466423	metres
49	1212	0.003734	0.121565	band
49	1169	0.003602	0.124098	core
49	1148	0.003537	0.436502	realised
49	1128	0.003475	0.989474	gaffney
49	1121	0.003454	0.010429	until
49	1105	0.003404	0.420152	aurora
49	1070	0.003297	0.016774	within
49	1045	0.003220	0.014556	inside
70	42798	0.012945	0.352102	voice
70	24720	0.007477	0.418841	nodded
70	19327	0.005846	0.414387	spoke
70	18790	0.005683	0.388384	smiled
70	18667	0.005646	0.233396	sat
70	18453	0.005581	0.156687	moment
70	18370	0.005556	0.455379	smile
70	17778	0.005377	0.160379	room
70	16908	0.005114	0.256182	words
70	15488	0.004685	0.362038	stared
70	14448	0.004370	0.387035	sir
70	14303	0.004326	0.399079	glanced
70	14165	0.004284	0.416618	chair
70	13832	0.004184	0.555725	expression
70	13627	0.004122	0.224276	shook
70	13556	0.004100	0.138652	stood
70	13476	0.004076	0.327485	please
70	13456	0.004070	0.155184	looking
70	13347	0.004037	0.333175	speak
70	12651	0.003827	0.359199	lips
61	15544	0.015353	0.625513	money
61	11065	0.010929	0.166341	hundred
61	9389	0.009273	0.444345	pay
61	8974	0.008864	0.198233	thousand
61	8276	0.008174	0.150363	ten
61	7021	0.006935	0.629122	buy
61	6898	0.006813	0.114395	five
61	6553	0.006472	0.406766	paid
61	5778	0.005707	0.154948	year
61	5580	0.005511	0.584906	price
61	5562	0.005494	0.128127	six
61	5560	0.005492	0.250903	fifty
61	5485	0.005418	0.509758	cost
61	5190	0.005126	0.047220	every
61	5177	0.005113	0.152175	business
61	4951	0.004890	0.071754	four
61	4941	0.004880	0.887074	dollars
61	4642	0.004585	0.685672	sell
61	4600	0.004543	0.039944	many
61	4579	0.004523	0.141677	twenty
7	24101	0.013932	0.850423	trees
7	12666	0.007322	0.670869	tree
7	12009	0.006942	0.738107	forest
7	11624	0.006719	0.692317	grass
7	11098	0.006415	0.205976	sun
7	10685	0.006176	0.200770	ground
7	9703	0.005609	0.583113	leaves
7	9300	0.005376	0.134257	water
7	9116	0.005270	0.463211	river
7	8898	0.005143	0.088160	along
7	8571	0.004954	0.206530	green
7	8181	0.004729	0.158393	sky
7	7957	0.004600	0.234581	wind
7	7789	0.004502	0.068379	small
7	7379	0.004265	0.066340	across
7	6946	0.004015	0.288695	road
7	6837	0.003952	0.063482	day
7	6728	0.003889	0.877184	branches
7	6630	0.003832	0.177891	land
7	6589	0.003809	0.072272	night
43	2288	0.015409	0.999127	nell
43	1933	0.013018	0.952217	gary
43	1401	0.009435	0.843976	caroline
43	1154	0.007772	0.759211	primer
43	967	0.006513	0.948039	kingsley
43	965	0.006499	0.182420	princess
43	936	0.006304	0.517127	herb
43	882	0.005940	0.087936	engineer
43	846	0.005698	0.031126	book
43	845	0.005691	0.007338	many
43	808	0.005442	0.997531	harv
43	797	0.005368	0.161336	chinese
43	742	0.004997	0.133935	engineers
43	706	0.004755	0.713131	shanghai
43	673	0.004533	0.006051	across
43	643	0.004330	0.835065	fiona
43	642	0.004324	0.067366	castle
43	639	0.004304	0.010961	finally
43	631	0.004250	0.450714	atlantis
43	613	0.004128	0.012038	several
52	4241	0.010475	0.049205	earth
52	3734	0.009222	0.950127	ark
52	2257	0.005574	0.153642	mission
52	2057	0.005081	0.086067	crew
52	1973	0.004873	0.024908	space
52	1927	0.004759	0.084443	moon
52	1746	0.004312	0.552532	poole
52	1738	0.004293	0.599310	kelly
52	1705	0.004211	0.327255	venus
52	1638	0.004046	0.095288	project
52	1546	0.003818	0.487697	wilson
52	1527	0.003771	0.608367	kilometres
52	1458	0.003601	0.998630	siobhan
52	1406	0.003473	0.513139	metres
52	1392	0.003438	0.833533	floyd
52	1382	0.003413	0.095773	systems
52	1347	0.003327	0.014597	always
52	1335	0.003297	0.244954	roger
52	1334	0.003295	0.250752	launch
52	1311	0.003238	0.087342	mars
30	7583	0.011250	0.096255	upon
30	6703	0.009944	0.984288	lensman
30	5446	0.008079	0.105543	however
30	4780	0.007091	0.484296	patrol
30	4211	0.006247	0.038313	every
30	3965	0.005882	0.079571	nor
30	3547	0.005262	0.044780	space
30	3162	0.004691	0.053205	planet
30	3028	0.004492	0.029771	since
30	2952	0.004379	0.596364	lens
30	2664	0.003952	0.119730	base
30	2494	0.003700	0.040785	power
30	2413	0.003580	0.893704	samms
30	2373	0.003520	0.021154	ever
30	2342	0.003474	0.051371	force
30	2298	0.003409	0.020578	each
30	2248	0.003335	0.199291	vessel
30	2173	0.003224	0.032706	fact
30	2099	0.003114	0.268072	screens
30	2078	0.003083	0.097742	thus
44	7577	0.004781	0.066517	small
44	7162	0.004519	0.064581	perhaps
44	6921	0.004367	0.075805	set
44	6751	0.004260	0.085694	upon
44	6493	0.004097	0.055830	yet
44	5589	0.003527	0.083182	brought
44	5248	0.003312	0.059299	also
44	5188	0.003274	0.044941	sure
44	4835	0.003051	0.040840	men
44	4770	0.003010	0.056759	open
44	4641	0.002929	0.061938	held
44	4442	0.002803	0.055221	gave
44	4441	0.002802	0.041079	find
44	4441	0.002802	0.244145	animals
44	4391	0.002771	0.055435	space
44	4218	0.002662	0.052897	use
44	4193	0.002646	0.082410	answer
44	4179	0.002637	0.035165	found
44	4116	0.002597	0.036632	between
44	4095	0.002584	0.040262	since
18	20498	0.011542	0.258780	space
18	17938	0.010101	0.208122	earth
18	16065	0.009046	0.171781	ship
18	14226	0.008010	0.239374	planet
18	13209	0.007438	0.198572	hundred
18	12302	0.006927	0.228322	sun
18	11857	0.006676	0.420909	star
18	11015	0.006202	0.302112	stars
18	10100	0.005687	0.229545	system
18	9624	0.005419	0.212591	thousand
18	9304	0.005239	0.088610	light
18	8477	0.004773	0.646606	orbit
18	8395	0.004727	0.352287	speed
18	8019	0.004515	0.238165	miles
18	7871	0.004432	0.496907	atmosphere
18	6720	0.003784	0.378805	planets
18	6682	0.003763	0.465969	gravity
18	6628	0.003732	0.120422	ten
18	6504	0.003662	0.285013	moon
18	6474	0.003645	0.306244	million
0	14771	0.008497	0.120708	world
0	11113	0.006393	0.260258	war
0	9602	0.005524	0.081105	men
0	8560	0.004924	0.300140	state
0	7856	0.004519	0.610412	social
0	7656	0.004404	0.097182	upon
0	7396	0.004255	0.257252	history
0	7313	0.004207	0.119591	power
0	7163	0.004121	0.081713	human
0	7094	0.004081	0.059674	great
0	6901	0.003970	0.556981	political
0	6873	0.003954	0.509489	society
0	6761	0.003889	0.061514	every
0	6385	0.003673	0.056211	life
0	6002	0.003453	0.304515	government
0	5837	0.003358	0.341945	century
0	5734	0.003299	0.051032	between
0	5409	0.003112	0.158343	general
0	5288	0.003042	0.105423	themselves
0	5266	0.003029	0.100785	control
14	7393	0.016976	0.334374	books
14	6748	0.015495	0.248271	book
14	6183	0.014198	0.740479	fiction
14	5432	0.012473	0.276719	science
14	5414	0.012432	0.386714	york
14	4537	0.010418	0.657536	published
14	3409	0.007828	0.999707	copyright
14	3181	0.007304	0.803283	inc
14	2980	0.006843	0.269683	states
14	2917	0.006698	0.278340	united
14	2707	0.006216	0.466724	printed
14	2678	0.006149	0.605882	author
14	2674	0.006140	0.280588	america
14	2592	0.005952	0.343767	rights
14	2587	0.005940	0.532305	reserved
14	2494	0.005727	0.462709	novel
14	2439	0.005600	0.198293	library
14	2395	0.005499	0.171808	stories
14	2148	0.004932	0.656881	edition
14	2040	0.004684	1.000000	isbn
51	5510	0.005866	0.049537	across
51	5361	0.005707	0.122397	shoulder
51	4706	0.005010	0.061767	black
51	4685	0.004988	0.039998	behind
51	4424	0.004710	0.057365	suddenly
51	4251	0.004526	0.037834	between
51	4226	0.004499	0.042071	toward
51	4196	0.004467	0.078080	hair
51	4027	0.004287	0.232775	hey
51	3830	0.004078	0.057951	started
51	3786	0.004031	0.087295	fingers
51	3704	0.003943	0.035323	hands
51	3476	0.003701	0.033105	light
51	3461	0.003685	0.052022	reached
51	3363	0.003580	0.076728	edge
51	3335	0.003551	0.049298	someone
51	3329	0.003544	0.050340	stopped
51	3281	0.003493	0.059741	red
51	3242	0.003452	0.091170	stepped
51	3242	0.003452	0.102921	pushed
62	9520	0.023351	0.293827	says
62	4857	0.011913	0.041196	does
62	4478	0.010984	0.162600	comes
62	3895	0.009554	0.164485	looks
62	3246	0.007962	0.147077	goes
62	3198	0.007844	0.260000	thinks
62	2946	0.007226	0.297877	turns
62	2925	0.007175	0.091463	seems
62	2891	0.007091	0.091285	knows
62	2807	0.006885	0.183704	takes
62	2535	0.006218	0.426768	sees
62	2381	0.005840	0.084493	makes
62	2255	0.005531	0.317159	feels
62	2126	0.005215	0.439256	begins
62	1947	0.004776	0.695357	sits
62	1937	0.004751	0.542577	asks
62	1710	0.004194	0.014384	great
62	1692	0.004150	0.370241	finds
62	1687	0.004138	0.292374	stands
62	1609	0.003947	0.172270	gives
59	5702	0.016745	0.849776	ender
59	3035	0.008913	0.339106	peter
59	2738	0.008040	0.798251	valentine
59	2572	0.007553	0.827010	carson
59	2393	0.007027	0.589409	jane
59	2275	0.006681	0.103221	okay
59	2230	0.006549	0.969565	digger
59	2185	0.006416	0.017856	world
59	2146	0.006302	0.023831	maybe
59	1893	0.005559	0.222183	shuttle
59	1748	0.005133	0.448205	academy
59	1746	0.005127	0.018670	ship
59	1694	0.004975	0.672222	hive
59	1657	0.004866	0.023550	home
59	1526	0.004481	0.913772	kellie
59	1520	0.004464	0.196891	colony
59	1503	0.004414	0.082041	cloud
59	1459	0.004285	0.021225	coming
59	1449	0.004255	0.410482	janet
59	1422	0.004176	0.016068	also
1	19206	0.013224	0.173261	room
1	16741	0.011527	0.484965	walls
1	15452	0.010639	0.169523	door
1	15022	0.010343	0.227056	wall
1	14648	0.010086	0.279276	floor
1	11586	0.007977	0.339069	building
1	8587	0.005913	0.102178	open
1	8447	0.005816	0.510085	windows
1	7974	0.005490	0.111074	inside
1	7870	0.005419	0.440403	doors
1	7754	0.005339	0.360651	hall
1	7750	0.005336	0.255354	led
1	7697	0.005300	0.062694	place
1	7683	0.005290	0.073171	light
1	7311	0.005034	0.074778	stood
1	7171	0.004938	0.149864	large
1	7056	0.004858	0.069910	along
1	7031	0.004841	0.641515	rooms
1	7026	0.004838	0.231881	stone
1	6944	0.004781	0.060960	small
60	4624	0.008733	0.985928	marc
60	4108	0.007758	0.046863	human
60	3955	0.007469	0.196766	mental
60	3276	0.006187	0.995745	milieu
60	3229	0.006098	0.163328	king
60	2961	0.005592	0.740250	elizabeth
60	2606	0.004922	0.979699	felice
60	2201	0.004157	0.153594	golden
60	2150	0.004060	1.000000	pliocene
60	2054	0.003879	0.407540	exotic
60	2015	0.003806	0.016950	great
60	1988	0.003755	0.150949	grand
60	1954	0.003690	0.108858	humans
60	1910	0.003607	0.927184	teresa
60	1763	0.003330	0.089221	minds
60	1697	0.003205	0.138757	paul
60	1658	0.003131	0.210406	jack
60	1607	0.003035	0.059387	lord
60	1599	0.003020	0.999375	operant
60	1592	0.003007	0.112828	galactic
24	11091	0.027119	0.958600	n’t
24	8968	0.021928	0.863138	ﬁrst
24	8016	0.019600	0.999501	don’t
24	6622	0.016192	0.978139	i’m
24	4286	0.010480	0.999068	it’s
24	4183	0.010228	0.812233	ﬁnd
24	3938	0.009629	0.999492	you’re
24	3640	0.008900	0.983784	i’ve
24	3317	0.008111	0.993114	can’t
24	3251	0.007949	0.997239	i’ll
24	2490	0.006088	1.000000	there’s
24	2259	0.005524	0.134145	robot
24	2248	0.005497	0.932780	ﬁre
24	2220	0.005428	1.000000	that’s
24	2147	0.005250	0.402060	drone
24	2122	0.005189	0.968950	we’re
24	2097	0.005128	0.993839	i’d
24	2068	0.005057	0.056876	machine
24	2000	0.004890	0.862069	ﬁve
24	1990	0.004866	0.985149	we’ve
53	23161	0.006184	0.293363	feet
53	19742	0.005271	0.241050	body
53	19670	0.005252	0.187583	hands
53	18806	0.005021	0.375145	fell
53	17786	0.004749	0.512713	blood
53	16711	0.004462	0.268450	sound
53	15442	0.004123	0.127042	voice
53	14948	0.003991	0.160077	heard
53	14809	0.003954	0.262013	arm
53	14482	0.003867	0.285023	mouth
53	14201	0.003792	0.273833	arms
53	14137	0.003775	0.120695	behind
53	13596	0.003630	0.122233	across
53	13512	0.003608	0.134515	toward
53	13491	0.003602	0.174935	suddenly
53	13156	0.003513	0.136120	began
53	12723	0.003397	0.242574	floor
53	12645	0.003376	0.129334	stood
53	12567	0.003356	0.266250	ran
53	12455	0.003326	0.208661	lay
9	7455	0.006281	0.379004	creature
9	6611	0.005570	0.080720	body
9	6484	0.005463	0.058064	each
9	5757	0.004850	0.185590	legs
9	5714	0.004814	0.065184	human
9	5542	0.004669	0.048652	small
9	5477	0.004614	0.114462	large
9	5072	0.004273	0.129985	metal
9	5053	0.004257	0.233180	size
9	4977	0.004193	0.332243	creatures
9	4568	0.003848	0.158501	thick
9	4317	0.003637	0.144769	skin
9	4282	0.003608	0.137244	tiny
9	4240	0.003572	0.113067	surface
9	4127	0.003477	0.054167	black
9	3964	0.003340	0.181502	shape
9	3945	0.003324	0.218197	larger
9	3942	0.003321	0.162893	covered
9	3840	0.003235	0.042972	seen
9	3814	0.003213	0.045825	kind
28	51272	0.010179	0.569373	maybe
28	43793	0.008694	0.379357	sure
28	43110	0.008558	0.362848	anything
28	41862	0.008310	0.355064	does
28	36026	0.007152	0.345507	better
28	33046	0.006560	0.379098	keep
28	32210	0.006394	0.297937	find
28	31148	0.006184	0.281373	really
28	29609	0.005878	0.333097	else
28	29284	0.005813	0.246976	things
28	28964	0.005750	0.271300	work
28	28554	0.005669	0.340293	mean
28	28508	0.005659	0.503675	lot
28	28385	0.005635	0.307097	need
28	27213	0.005402	0.296406	give
28	27056	0.005371	0.437021	try
28	26750	0.005310	0.397533	probably
28	26604	0.005281	0.495604	getting
28	22249	0.004417	0.305618	trying
28	21713	0.004310	0.272297	use
31	2467	0.008942	0.816887	donald
31	2109	0.007645	0.912987	norman
31	1979	0.007173	0.098752	country
31	1922	0.006967	0.965829	ellie
31	1674	0.006068	0.121217	due
31	1563	0.005666	0.174053	university
31	1557	0.005644	0.179171	president
31	1486	0.005386	0.169441	date
31	1366	0.004951	0.011163	world
31	1226	0.004444	0.071321	project
31	1225	0.004440	0.018108	someone
31	1196	0.004335	0.056763	message
31	1178	0.004270	0.540367	der
31	1125	0.004078	0.099294	american
31	1120	0.004060	0.030803	machine
31	1102	0.003995	0.881600	kate
31	1025	0.003715	0.092760	states
31	971	0.003520	0.014681	call
31	940	0.003407	0.930693	chad
31	913	0.003309	0.600658	vega
40	25179	0.016161	0.276237	door
40	22988	0.014755	0.207379	room
40	14120	0.009063	0.371286	bed
40	11687	0.007501	0.217513	opened
40	11649	0.007477	0.145649	sat
40	9506	0.006102	0.181239	floor
40	8769	0.005628	0.104343	open
40	8568	0.005499	0.278997	window
40	8511	0.005463	0.087051	stood
40	8478	0.005442	0.198921	table
40	7862	0.005046	0.109514	inside
40	7710	0.004949	0.226765	chair
40	7411	0.004757	0.070675	hands
40	7358	0.004723	0.355287	clothes
40	6923	0.004444	0.130328	house
40	6420	0.004121	0.130302	pulled
40	6316	0.004054	0.129030	closed
40	6259	0.004017	0.090357	water
40	6251	0.004012	0.054877	small
40	6123	0.003930	0.095285	white
68	24254	0.016489	0.259346	ship
68	12144	0.008256	0.138362	air
68	9792	0.006657	0.187407	control
68	8855	0.006020	0.111791	space
68	7899	0.005370	0.354215	suit
68	7608	0.005172	0.105976	inside
68	7421	0.005045	0.310502	crew
68	7081	0.004814	0.115797	power
68	7073	0.004809	0.462288	pilot
68	6968	0.004737	0.178575	metal
68	6921	0.004705	0.374310	equipment
68	6755	0.004592	0.059301	small
68	6725	0.004572	0.080021	open
68	6706	0.004559	0.385402	cabin
68	6460	0.004392	0.527347	controls
68	6400	0.004351	0.615385	hull
68	5557	0.003778	0.141978	captain
68	5354	0.003640	0.058642	set
68	5317	0.003615	0.261921	aboard
68	5171	0.003516	0.690387	hatch
26	9632	0.009461	0.078712	world
26	9466	0.009298	0.107985	human
26	8770	0.008614	0.366027	universe
26	8362	0.008213	0.073616	life
26	6125	0.006016	0.100443	real
26	5913	0.005808	0.088637	itself
26	5689	0.005588	0.092474	beyond
26	5387	0.005291	0.399037	reality
26	5369	0.005273	0.094691	sense
26	4329	0.004252	0.067863	within
26	4327	0.004250	0.219533	dream
26	4173	0.004099	0.035881	yet
26	4083	0.004010	0.050993	part
26	4051	0.003979	0.034076	great
26	3959	0.003889	0.048339	body
26	3884	0.003815	0.140776	memory
26	3827	0.003759	0.062584	power
26	3785	0.003718	0.069450	different
26	3746	0.003679	0.031593	things
26	3745	0.003678	0.189524	minds
69	26960	0.034393	0.719317	sleep
69	17846	0.022766	0.195744	night
69	11366	0.014500	0.242190	morning
69	11341	0.014468	0.298212	bed
69	10353	0.013207	0.817773	slept
69	9901	0.012631	0.091931	day
69	9831	0.012541	0.182022	hours
69	9095	0.011602	0.712216	asleep
69	8263	0.010541	0.781002	awake
69	7960	0.010155	0.842328	woke
69	7406	0.009448	0.579953	sleeping
69	7046	0.008989	0.118043	lay
69	5261	0.006711	0.473964	wake
69	5257	0.006706	0.350935	dawn
69	4816	0.006144	0.070938	rest
69	4804	0.006128	0.109530	hour
69	4757	0.006068	0.064353	days
69	4717	0.006017	0.058977	sat
69	4703	0.006000	0.245716	tired
69	4465	0.005696	0.054974	next
35	10051	0.009035	0.127583	upon
35	7162	0.006438	0.063051	life
35	6079	0.005464	0.150433	love
35	5442	0.004892	0.046793	yet
35	5262	0.004730	0.151294	heart
35	5007	0.004501	0.100482	nor
35	4373	0.003931	0.036785	great
35	4115	0.003699	0.110115	shall
35	3759	0.003379	0.056518	myself
35	3680	0.003308	0.173095	thus
35	3584	0.003222	0.032608	every
35	3423	0.003077	0.027973	world
35	3409	0.003064	0.096436	whose
35	3331	0.002994	0.357787	joy
35	3188	0.002866	0.126508	poor
35	3083	0.002771	0.307072	spirit
35	3059	0.002750	0.266232	soul
35	3056	0.002747	0.089698	friend
35	3015	0.002710	0.027994	day
35	2970	0.002670	0.036922	gave
38	3640	0.006300	0.050207	woman
38	3517	0.006087	0.029707	men
38	2967	0.005135	0.026406	between
38	2917	0.005049	0.065757	women
38	2893	0.005007	0.382166	slave
38	2602	0.004503	0.162422	bridge
38	2499	0.004325	0.652480	barbarian
38	2499	0.004325	0.039071	young
38	2451	0.004242	0.037391	city
38	2411	0.004173	0.353519	tom
38	2347	0.004062	0.037564	among
38	2192	0.003794	0.024043	night
38	2154	0.003728	0.357807	slaves
38	2120	0.003669	0.018409	many
38	2099	0.003633	0.047424	boy
38	2030	0.003513	0.078713	till
38	2007	0.003474	0.020195	both
38	2001	0.003463	0.044536	certainly
38	1991	0.003446	0.285653	market
38	1823	0.003155	0.687925	steve
73	21406	0.009833	0.193369	really
73	15611	0.007171	0.135230	sure
73	15029	0.006903	0.126496	anything
73	14838	0.006816	0.125141	things
73	14046	0.006452	0.155980	maybe
73	13327	0.006122	0.158825	mean
73	12815	0.005886	0.167516	wanted
73	12638	0.005805	0.206368	talk
73	12460	0.005723	0.135024	always
73	12167	0.005589	0.214965	lot
73	11839	0.005438	0.168263	home
73	11728	0.005387	0.108895	day
73	11710	0.005379	0.104386	ever
73	11035	0.005069	0.288950	pretty
73	10451	0.004801	0.187934	remember
73	9777	0.004491	0.079637	place
73	9494	0.004361	0.220893	talking
73	9471	0.004350	0.103883	night
73	9445	0.004338	0.113481	kind
73	9285	0.004265	0.236561	anyway
27	9735	0.011321	0.394929	screen
27	7790	0.009059	0.064089	voice
27	7304	0.008494	0.342429	computer
27	5592	0.006503	0.105172	minutes
27	5461	0.006351	0.340886	radio
27	5358	0.006231	0.254295	message
27	5011	0.005827	0.137816	machine
27	4082	0.004747	0.078124	control
27	3919	0.004558	0.520452	tape
27	3875	0.004506	0.295576	signal
27	3655	0.004251	0.333181	program
27	3587	0.004171	0.190393	data
27	3579	0.004162	0.054112	call
27	3486	0.004054	0.186917	image
27	3401	0.003955	0.037251	set
27	3220	0.003745	0.059619	hours
27	3196	0.003717	0.306424	switch
27	3182	0.003700	0.089558	number
27	3160	0.003675	0.341253	switched
27	3139	0.003650	0.071341	system
11	3237	0.011842	0.035947	maybe
11	2099	0.007679	0.664241	arnold
11	2090	0.007646	0.193878	lake
11	2029	0.007423	0.364928	michael
11	1959	0.007166	0.273222	ray
11	1800	0.006585	1.000000	marguerite
11	1792	0.006556	0.227990	chris
11	1724	0.006307	0.936957	tess
11	1720	0.006292	0.128167	snow
11	1694	0.006197	0.031890	house
11	1679	0.006142	0.084841	town
11	1597	0.005842	0.631225	laura
11	1464	0.005356	0.735678	karen
11	1458	0.005334	0.114263	blind
11	1367	0.005001	0.019429	home
11	1358	0.004968	0.665686	howard
11	1273	0.004657	0.041452	window
11	1163	0.004254	0.994017	dex
11	1138	0.004163	0.028337	mother
11	1116	0.004083	0.024994	god
20	1964	0.008897	0.032207	real
20	1689	0.007652	0.774771	rick
20	1479	0.006700	0.999324	nolly
20	1461	0.006619	0.197967	brothers
20	1350	0.006116	0.012195	really
20	1151	0.005214	0.967227	tricia
20	1124	0.005092	0.024884	bit
20	1030	0.004666	0.476852	opera
20	1000	0.004530	0.101626	anyhow
20	960	0.004349	0.010951	human
20	948	0.004295	0.997895	barris
20	940	0.004258	1.000000	norah
20	920	0.004168	0.016440	sort
20	916	0.004150	0.964211	narabedla
20	897	0.004064	0.467187	fred
20	883	0.004000	0.700794	donna
20	856	0.003878	0.203325	bob
20	852	0.003860	0.392627	eve
20	843	0.003819	0.011384	big
20	841	0.003810	0.009758	earth
74	3019	0.009144	0.952366	hyperion
74	2860	0.008663	0.322799	web
74	2579	0.007812	0.941241	consul
74	2318	0.007021	0.391554	sol
74	2199	0.006661	0.999545	gladstone
74	2190	0.006633	1.000000	brawne
74	2084	0.006312	0.792395	hegemony
74	1872	0.005670	0.447847	martin
74	1829	0.005540	0.999454	lamia
74	1727	0.005231	0.037881	force
74	1630	0.004937	0.016227	toward
74	1611	0.004880	0.852381	tombs
74	1571	0.004759	0.030183	father
74	1411	0.004274	0.559921	rachel
74	1366	0.004138	0.910667	keats
74	1347	0.004080	0.962143	ceo
74	1329	0.004026	0.022518	nodded
74	1276	0.003865	0.307470	poet
74	1200	0.003635	1.000000	hoyt
74	1188	0.003598	0.998319	ouster
34	5256	0.010372	0.436908	medical
34	4692	0.009259	0.232507	doctor
34	4318	0.008521	0.124474	blood
34	3853	0.007604	0.047045	body
34	3349	0.006609	0.352898	hospital
34	3256	0.006426	0.537294	disease
34	2531	0.004995	0.087066	brain
34	2442	0.004819	0.440794	lab
34	2325	0.004588	0.530822	doctors
34	2317	0.004572	0.457905	drugs
34	2131	0.004205	0.297211	patient
34	2125	0.004194	0.353577	cells
34	2007	0.003961	0.377256	drug
34	1959	0.003866	0.878475	patients
34	1784	0.003521	0.527811	tissue
34	1775	0.003503	0.020249	human
34	1752	0.003457	0.081678	normal
34	1750	0.003454	0.318182	treatment
34	1700	0.003355	0.311355	chemical
34	1660	0.003276	0.551495	surgery
13	7908	0.012001	0.350532	north
13	7558	0.011469	0.061764	world
13	6312	0.009579	0.323858	south
13	5070	0.007694	0.532004	america
13	4968	0.007539	0.041790	great
13	4566	0.006929	0.227844	country
13	4452	0.006756	0.067918	city
13	4356	0.006610	0.384466	american
13	4191	0.006360	0.272674	west
13	3822	0.005800	0.288671	east
13	3771	0.005723	0.272865	cities
13	3683	0.005589	0.333303	states
13	3613	0.005483	0.106078	sea
13	3538	0.005369	0.722041	europe
13	3529	0.005355	0.094687	land
13	3390	0.005144	0.323473	united
13	3242	0.004920	0.075925	war
13	2964	0.004498	0.494000	coast
13	2600	0.003946	0.503876	continent
13	2581	0.003917	0.621928	british
12	9620	0.017206	1.000000	seldon
12	6713	0.012007	0.734464	foundation
12	5860	0.010481	1.000000	trevize
12	4982	0.008911	0.303226	empire
12	4693	0.008394	0.202984	galaxy
12	4590	0.008210	1.000000	hari
12	4060	0.007262	1.000000	trantor
12	3819	0.006831	0.999738	dors
12	3384	0.006053	0.043874	second
12	3291	0.005886	0.265403	imperial
12	3162	0.005656	0.030206	may
12	3139	0.005614	0.984013	morrison
12	3119	0.005579	0.221049	galactic
12	3060	0.005473	0.807388	bliss
12	2812	0.005030	0.846988	terminus
12	2811	0.005028	0.030058	ship
12	2672	0.004779	0.927778	mule
12	2624	0.004693	0.249193	emperor
12	2458	0.004396	0.047636	however
12	2380	0.004257	0.029368	quite
10	23353	0.010968	0.455402	death
10	19266	0.009048	0.169610	life
10	15972	0.007501	0.232760	dead
10	13184	0.006192	0.416162	die
10	13124	0.006164	0.446091	killed
10	12235	0.005746	0.136202	done
10	12153	0.005708	0.334978	kill
10	11144	0.005234	0.100487	perhaps
10	10616	0.004986	0.332894	died
10	9612	0.004514	0.080882	found
10	9591	0.004504	0.108031	end
10	9299	0.004367	0.075991	world
10	9192	0.004317	0.225294	fear
10	9133	0.004289	0.078530	yet
10	8786	0.004126	0.076294	many
10	8640	0.004058	0.077019	ever
10	8549	0.004015	0.194916	live
10	8405	0.003947	0.106703	others
10	7619	0.003578	0.097256	tried
10	7537	0.003540	0.085980	human
71	6987	0.030576	0.908583	louis
71	3068	0.013426	0.932523	prof
71	2926	0.012804	0.968874	ringworld
71	2925	0.012800	0.998294	puppeteer
71	2201	0.009632	0.160892	mike
71	2075	0.009080	0.215249	speaker
71	2015	0.008818	0.457955	luna
71	1887	0.008258	0.028787	city
71	1750	0.007658	1.000000	hindmost
71	1040	0.004551	0.009935	may
71	962	0.004210	0.012769	used
71	954	0.004175	0.168850	needle
71	924	0.004043	0.088932	ﬁrst
71	911	0.003987	0.595425	manuel
71	880	0.003851	0.392857	lander
71	873	0.003820	0.593878	yah
71	867	0.003794	0.167052	terra
71	815	0.003567	0.083163	rim
71	808	0.003536	0.390338	adam
71	796	0.003483	0.036116	okay
67	1197	0.007879	0.684000	jay
67	993	0.006536	0.010618	ship
67	879	0.005786	0.172016	martians
67	879	0.005786	0.164607	score
67	865	0.005694	0.093312	martian
67	832	0.005476	0.924444	colin
67	736	0.004845	0.275655	skipper
67	715	0.004706	0.337264	ford
67	714	0.004700	0.151915	arthur
67	713	0.004693	0.033411	alien
67	682	0.004489	0.874359	vanessa
67	653	0.004298	0.008289	upon
67	628	0.004134	0.923529	marathon
67	612	0.004028	0.008870	four
67	606	0.003989	0.053723	vessel
67	590	0.003884	0.013591	six
67	575	0.003785	0.007148	gave
67	536	0.003528	0.050187	boat
67	525	0.003456	0.007090	big
67	525	0.003456	0.006650	feet
56	5110	0.023048	0.782542	ross
56	3694	0.016661	0.959481	travis
56	3632	0.016381	0.953281	ashe
56	2936	0.013242	0.031394	ship
56	2401	0.010829	0.873091	dane
56	2310	0.010419	0.244963	terran
56	1803	0.008132	0.015229	men
56	1238	0.005584	0.144626	queen
56	1214	0.005475	0.642328	reds
56	1211	0.005462	0.024013	free
56	1198	0.005403	0.998333	apache
56	1197	0.005399	0.314173	traders
56	1184	0.005340	0.069647	chief
56	1168	0.005268	0.091464	trade
56	1119	0.005047	0.364495	rip
56	1105	0.004984	0.297844	terrans
56	1040	0.004691	0.438819	tau
56	1031	0.004650	0.013016	space
56	974	0.004393	0.749231	ali
56	964	0.004348	0.370769	medic
46	8223	0.012414	0.074148	perhaps
46	7279	0.010989	0.218589	although
46	6175	0.009322	0.078383	upon
46	5265	0.007948	0.042885	place
46	4992	0.007536	0.043348	many
46	3918	0.005915	0.044695	human
46	3778	0.005703	0.034946	find
46	3711	0.005602	0.043715	gone
46	3577	0.005400	0.212411	robot
46	3507	0.005294	0.029510	found
46	3377	0.005098	0.034540	stood
46	3213	0.004850	0.030694	may
46	3169	0.004784	0.085974	wondered
46	3085	0.004657	0.035793	earth
46	2913	0.004398	0.043060	someone
46	2810	0.004242	0.050214	sort
46	2802	0.004230	0.035034	sat
46	2796	0.004221	0.449518	mary
46	2736	0.004130	0.024389	ever
46	2649	0.003999	0.022283	great
54	8529	0.011185	0.334602	office
54	7457	0.009779	0.158896	morning
54	6841	0.008971	0.063519	day
54	6520	0.008550	0.293959	desk
54	6444	0.008451	0.343497	paper
54	6006	0.007876	0.130508	read
54	5191	0.006808	0.366596	phone
54	4441	0.005824	0.069142	name
54	4309	0.005651	0.418756	papers
54	4056	0.005319	0.061324	call
54	3868	0.005073	0.047624	next
54	3662	0.004802	0.156162	week
54	3528	0.004627	0.045646	later
54	3490	0.004577	0.044049	called
54	3402	0.004461	0.077565	hour
54	3290	0.004315	0.036086	night
54	3167	0.004153	0.045011	home
54	3156	0.004139	0.362759	letter
54	3127	0.004101	0.057897	hours
54	3108	0.004076	0.087475	number
72	9401	0.028971	0.475518	king
72	3967	0.012225	0.033370	great
72	3930	0.012111	0.346256	palace
72	3668	0.011304	0.135551	lord
72	3562	0.010977	0.520760	royal
72	3075	0.009476	0.292023	emperor
72	2957	0.009113	0.523363	throne
72	2723	0.008392	0.952098	rom
72	2434	0.007501	0.308883	prince
72	1633	0.005032	0.099391	empire
72	1627	0.005014	0.139417	court
72	1535	0.004730	0.058210	son
72	1500	0.004623	0.353774	kingdom
72	1458	0.004493	0.170327	queen
72	1385	0.004268	0.012860	day
72	1373	0.004231	0.011184	place
72	1370	0.004222	0.110484	imperial
72	1353	0.004170	0.017174	upon
72	1305	0.004022	0.021341	power
72	1282	0.003951	0.398137	ruler
29	15103	0.009944	0.531048	rock
29	10827	0.007129	0.156301	water
29	9021	0.005940	0.122818	above
29	8300	0.005465	0.195662	below
29	7760	0.005110	0.449855	sand
29	7665	0.005047	0.465674	mountain
29	7635	0.005027	0.203600	surface
29	7518	0.004950	0.141263	ground
29	7134	0.004697	0.099001	high
29	7049	0.004641	0.207813	wind
29	6916	0.004554	0.185565	land
29	6856	0.004514	0.508983	rocks
29	6653	0.004381	0.451663	ice
29	5863	0.003860	0.108816	sun
29	5667	0.003731	0.056148	along
29	5526	0.003639	0.374137	mountains
29	5403	0.003558	0.402608	snow
29	5365	0.003533	0.080652	hundred
29	5349	0.003522	0.060943	air
29	5321	0.003504	0.103020	sky
58	12144	0.018990	0.360677	miles
58	3920	0.006130	0.944578	cordelia
58	3793	0.005931	0.219884	mark
58	3651	0.005709	0.994823	gregor
58	3402	0.005320	0.156127	station
58	3375	0.005278	0.195766	security
58	3113	0.004868	0.220780	count
58	3026	0.004732	0.320551	admiral
58	2990	0.004676	0.080096	sir
58	2883	0.004508	0.359029	sergeant
58	2878	0.004501	0.106356	lord
58	2680	0.004191	0.216129	imperial
58	2532	0.003959	0.142648	military
58	2463	0.003852	0.062928	captain
58	2384	0.003728	0.226401	emperor
58	2302	0.003600	0.719375	elena
58	2300	0.003597	0.262557	lieutenant
58	2289	0.003579	0.999563	aral
58	2186	0.003418	0.018796	yet
58	2179	0.003407	0.084490	till
17	34105	0.014285	0.324810	light
17	27226	0.011404	0.527125	sky
17	18670	0.007820	0.246469	dark
17	17692	0.007410	0.232209	black
17	16406	0.006872	0.223363	above
17	16313	0.006833	0.366997	blue
17	15380	0.006442	0.239340	white
17	14771	0.006187	0.274146	sun
17	14599	0.006115	0.160129	night
17	13520	0.005663	0.154039	air
17	13175	0.005518	0.452283	darkness
17	12989	0.005441	0.236508	red
17	12580	0.005269	0.105821	great
17	12504	0.005237	0.112416	across
17	12254	0.005133	0.336094	stars
17	11668	0.004887	0.281157	green
17	11568	0.004845	0.353870	bright
17	10537	0.004414	0.376187	lights
17	9716	0.004070	0.123331	upon
17	9445	0.003956	0.222654	below
66	4950	0.025482	0.075515	city
66	3686	0.018975	0.996216	amalfi
66	2136	0.010996	0.024782	earth
66	1948	0.010028	0.032778	planet
66	1911	0.009838	0.990155	hazleton
66	1575	0.008108	0.362069	fathers
66	1571	0.008087	0.242438	mayor
66	1235	0.006358	0.995968	okie
66	1172	0.006033	0.119106	anyhow
66	1116	0.005745	0.013717	whole
66	1081	0.005565	0.062667	mark
66	1063	0.005472	0.034301	nobody
66	1047	0.005390	0.075760	cities
66	1020	0.005251	0.011196	already
66	1000	0.005148	0.127226	chris
66	926	0.004767	0.360311	cops
66	900	0.004633	1.000000	spindizzy
66	892	0.004592	0.011261	space
66	891	0.004587	0.065132	mike
66	880	0.004530	1.000000	okies
16	5440	0.007322	1.000000	jedi
16	5232	0.007042	0.055945	ship
16	4550	0.006124	1.000000	mara
16	4465	0.006010	0.820772	luke
16	3758	0.005058	0.037412	toward
16	3444	0.004635	0.649811	republic
16	3310	0.004455	0.133954	car
16	3186	0.004288	0.026211	voice
16	3162	0.004256	0.069357	force
16	3150	0.004240	0.155172	aboard
16	3030	0.004078	1.000000	obi-wan
16	3010	0.004051	1.000000	anakin
16	2991	0.004026	0.234038	murmured
16	2936	0.003952	0.111890	agreed
16	2780	0.003742	0.275248	assured
16	2720	0.003661	0.954386	das
16	2665	0.003587	0.121357	master
16	2647	0.003563	0.122546	flight
16	2481	0.003339	0.908791	outbound
16	2442	0.003287	0.020849	behind
64	3296	0.023183	0.888410	duncan
64	2755	0.019378	0.144165	language
64	1988	0.013983	0.879646	conrad
64	1621	0.011402	0.024561	words
64	1471	0.010347	0.174289	magic
64	1469	0.010333	0.526523	andrew
64	1265	0.008898	0.023097	word
64	1242	0.008736	0.015765	upon
64	1178	0.008286	0.108672	english
64	1073	0.007547	0.039653	lord
64	1034	0.007273	0.868908	diane
64	1031	0.007252	0.297977	languages
64	995	0.006999	0.347902	demon
64	955	0.006717	0.028679	although
64	896	0.006302	0.008079	perhaps
64	879	0.006183	0.477717	daniel
64	867	0.006098	0.027788	tiny
64	865	0.006084	0.124282	ghost
64	792	0.005571	0.075357	beauty
64	774	0.005444	0.661538	hermit
21	11841	0.009990	0.527674	weapons
21	9786	0.008256	0.418921	attack
21	9436	0.007961	0.215286	fire
21	8350	0.007045	0.391835	weapon
21	8107	0.006840	0.390135	enemy
21	7712	0.006507	0.379341	battle
21	7148	0.006031	0.167400	war
21	6549	0.005525	0.143650	force
21	5785	0.004881	0.215456	shot
21	5619	0.004741	0.047462	men
21	5352	0.004515	0.203730	ships
21	5347	0.004511	0.670891	guns
21	5345	0.004510	0.297772	fighting
21	5163	0.004356	0.325947	gun
21	4901	0.004135	0.063542	second
21	4519	0.003813	0.181924	fight
21	4451	0.003755	0.812226	firing
21	4196	0.003540	0.078843	ground
21	4143	0.003495	0.382196	armed
21	4023	0.003394	0.504768	fired
32	4921	0.010406	0.544961	fucking
32	4817	0.010186	0.208258	yeah
32	4027	0.008515	0.512341	chris
32	2991	0.006325	0.026890	across
32	2746	0.005807	0.375650	fuck
32	2729	0.005771	0.584368	litde
32	2324	0.004914	0.169883	mike
32	2125	0.004494	0.056396	couple
32	2030	0.004293	0.066383	shrugged
32	1980	0.004187	0.029268	someone
32	1973	0.004172	0.836017	bryant
32	1936	0.004094	0.997938	reich
32	1894	0.004005	0.152251	shit
32	1819	0.003846	0.030820	nodded
32	1682	0.003557	0.995266	ortega
32	1567	0.003314	0.979375	bancroft
32	1550	0.003278	0.247604	sleeve
32	1510	0.003193	0.834254	carla
32	1475	0.003119	0.012135	voice
32	1471	0.003111	0.544815	envoy
65	20062	0.007340	0.170161	does
65	19677	0.007199	0.177751	really
65	17977	0.006577	0.151309	anything
65	16798	0.006145	0.226205	help
65	16648	0.006091	0.136964	voice
65	16288	0.005959	0.403069	love
65	15597	0.005706	0.219552	understand
65	15563	0.005694	0.169513	give
65	15127	0.005534	0.180276	mean
65	14069	0.005147	0.390264	sorry
65	14029	0.005132	0.183386	wanted
65	13771	0.005038	0.116142	things
65	13665	0.004999	0.202295	feel
65	13400	0.004902	0.218811	talk
65	13386	0.004897	0.144823	need
65	12961	0.004742	0.115538	ever
65	12092	0.004424	0.199013	shook
65	12051	0.004409	0.138247	keep
65	11964	0.004377	0.267951	god
65	11879	0.004346	0.133637	else
63	5973	0.020014	0.133774	god
63	4072	0.013644	0.564771	church
63	3071	0.010290	0.496926	holy
63	2995	0.010035	0.555659	religion
63	2898	0.009710	0.055677	father
63	2776	0.009302	0.428395	priest
63	2713	0.009090	0.119832	brother
63	2608	0.008739	0.311962	faith
63	2408	0.008068	0.999170	abbot
63	2332	0.007814	0.375523	religious
63	1648	0.005522	0.707296	saint
63	1406	0.004711	0.051959	lord
63	1385	0.004641	0.142636	heaven
63	1344	0.004503	0.553086	christian
63	1314	0.004403	0.589238	monk
63	1223	0.004098	0.348433	prayer
63	1214	0.004068	0.443066	francis
63	1186	0.003974	0.014969	called
63	1173	0.003930	0.415957	rome
63	1158	0.003880	0.911811	abbey
42	6168	0.016654	0.412851	music
42	3520	0.009504	0.053699	city
42	3330	0.008991	0.539708	song
42	3233	0.008730	0.107623	round
42	2952	0.007971	0.126532	lady
42	2730	0.007371	0.378641	singing
42	2378	0.006421	0.535586	sing
42	2292	0.006189	0.097036	party
42	2241	0.006051	0.294481	dance
42	2086	0.005632	0.903030	winston
42	1765	0.004766	0.348814	sang
42	1726	0.004660	0.118300	played
42	1711	0.004620	0.983333	soames
42	1689	0.004561	0.649615	songs
42	1633	0.004409	0.058405	street
42	1615	0.004361	0.062694	play
42	1608	0.004342	0.045514	everyone
42	1601	0.004323	0.121564	grand
42	1597	0.004312	0.072723	master
42	1592	0.004299	0.095444	playing
